case_id,study,endpoint,vaf
TCGA-05-4402,luad_tcga_pan_can_atlas_2018,egfr_activating,0.3643410852713178
TCGA-05-5423,luad_tcga_pan_can_atlas_2018,egfr_activating,0.2236842105263158
TCGA-17-Z032,luad_tcga_pan_can_atlas_2018,egfr_activating,0.2923076923076923
TCGA-17-Z047,luad_tcga_pan_can_atlas_2018,egfr_activating,0.07988165680473373
TCGA-17-Z048,luad_tcga_pan_can_atlas_2018,egfr_activating,0.5683060109289617
TCGA-38-4627,luad_tcga_pan_can_atlas_2018,egfr_activating,0.12195121951219512
TCGA-38-4628,luad_tcga_pan_can_atlas_2018,egfr_activating,0.3655913978494624
TCGA-38-6178,luad_tcga_pan_can_atlas_2018,egfr_activating,0.554140127388535
TCGA-44-5645,luad_tcga_pan_can_atlas_2018,egfr_activating,0.25
TCGA-44-A4SU,luad_tcga_pan_can_atlas_2018,egfr_activating,0.5689655172413793
TCGA-49-4490,luad_tcga_pan_can_atlas_2018,egfr_activating,0.4017857142857143
TCGA-49-4494,luad_tcga_pan_can_atlas_2018,egfr_activating,0.4413145539906103
TCGA-49-4501,luad_tcga_pan_can_atlas_2018,egfr_activating,0.2740740740740741
TCGA-50-5944,luad_tcga_pan_can_atlas_2018,egfr_activating,0.2891566265060241
TCGA-50-6591,luad_tcga_pan_can_atlas_2018,egfr_activating,0.7952380952380952
TCGA-50-6595,luad_tcga_pan_can_atlas_2018,egfr_activating,0.28735632183908044
TCGA-50-6673,luad_tcga_pan_can_atlas_2018,egfr_activating,0.48717948717948717
TCGA-55-6980,luad_tcga_pan_can_atlas_2018,egfr_activating,0.2638888888888889
TCGA-55-6981,luad_tcga_pan_can_atlas_2018,egfr_activating,0.5952380952380952
TCGA-55-7573,luad_tcga_pan_can_atlas_2018,egfr_activating,0.19298245614035087
TCGA-55-8096,luad_tcga_pan_can_atlas_2018,egfr_activating,0.46153846153846156
TCGA-55-8206,luad_tcga_pan_can_atlas_2018,egfr_activating,0.21666666666666667
TCGA-55-8506,luad_tcga_pan_can_atlas_2018,egfr_activating,0.4714285714285714
TCGA-55-A48Z,luad_tcga_pan_can_atlas_2018,egfr_activating,0.28
TCGA-55-A57B,luad_tcga_pan_can_atlas_2018,egfr_activating,0.16304347826086957
TCGA-62-8394,luad_tcga_pan_can_atlas_2018,egfr_activating,0.4158415841584158
TCGA-62-8402,luad_tcga_pan_can_atlas_2018,egfr_activating,0.39344262295081966
TCGA-62-A46U,luad_tcga_pan_can_atlas_2018,egfr_activating,0.11538461538461539
TCGA-64-1681,luad_tcga_pan_can_atlas_2018,egfr_activating,0.319672131147541
TCGA-67-3770,luad_tcga_pan_can_atlas_2018,egfr_activating,0.25471698113207547
TCGA-67-3772,luad_tcga_pan_can_atlas_2018,egfr_activating,0.2638888888888889
TCGA-67-6217,luad_tcga_pan_can_atlas_2018,egfr_activating,0.14583333333333334
TCGA-69-7760,luad_tcga_pan_can_atlas_2018,egfr_activating,0.5133333333333333
TCGA-71-8520,luad_tcga_pan_can_atlas_2018,egfr_activating,0.5282051282051282
TCGA-75-6207,luad_tcga_pan_can_atlas_2018,egfr_activating,0.2542372881355932
TCGA-75-6212,luad_tcga_pan_can_atlas_2018,egfr_activating,0.3076923076923077
TCGA-75-7025,luad_tcga_pan_can_atlas_2018,egfr_activating,0.34615384615384615
TCGA-78-7147,luad_tcga_pan_can_atlas_2018,egfr_activating,0.6012269938650306
TCGA-86-8055,luad_tcga_pan_can_atlas_2018,egfr_activating,0.7012195121951219
TCGA-86-8074,luad_tcga_pan_can_atlas_2018,egfr_activating,0.10679611650485436
TCGA-86-8075,luad_tcga_pan_can_atlas_2018,egfr_activating,0.4315068493150685
TCGA-86-8280,luad_tcga_pan_can_atlas_2018,egfr_activating,0.2621359223300971
TCGA-86-8668,luad_tcga_pan_can_atlas_2018,egfr_activating,0.15168539325842698
TCGA-86-A4P7,luad_tcga_pan_can_atlas_2018,egfr_activating,0.12087912087912088
TCGA-91-6835,luad_tcga_pan_can_atlas_2018,egfr_activating,0.10185185185185185
TCGA-93-A4JP,luad_tcga_pan_can_atlas_2018,egfr_activating,0.09848484848484848
TCGA-97-8171,luad_tcga_pan_can_atlas_2018,egfr_activating,0.5375
TCGA-97-8177,luad_tcga_pan_can_atlas_2018,egfr_activating,0.19343065693430658
TCGA-97-8547,luad_tcga_pan_can_atlas_2018,egfr_activating,0.3671875
TCGA-97-8552,luad_tcga_pan_can_atlas_2018,egfr_activating,0.20238095238095238
TCGA-97-A4M1,luad_tcga_pan_can_atlas_2018,egfr_activating,0.11594202898550725
TCGA-97-A4M6,luad_tcga_pan_can_atlas_2018,egfr_activating,0.14666666666666667
TCGA-97-A4M7,luad_tcga_pan_can_atlas_2018,egfr_activating,0.12949640287769784
TCGA-J2-8192,luad_tcga_pan_can_atlas_2018,egfr_activating,0.33884297520661155
TCGA-L9-A50W,luad_tcga_pan_can_atlas_2018,egfr_activating,0.39
TCGA-MP-A4SW,luad_tcga_pan_can_atlas_2018,egfr_activating,0.5681818181818182
TCGA-MP-A4T6,luad_tcga_pan_can_atlas_2018,egfr_activating,0.27884615384615385
TCGA-MP-A4T9,luad_tcga_pan_can_atlas_2018,egfr_activating,0.2777777777777778
TCGA-05-4244,luad_tcga_pan_can_atlas_2018,kras_g12c,0.35
TCGA-05-4249,luad_tcga_pan_can_atlas_2018,kras_g12c,0.35
TCGA-05-4250,luad_tcga_pan_can_atlas_2018,kras_g12c,0.5428571428571428
TCGA-05-4403,luad_tcga_pan_can_atlas_2018,kras_g12c,0.2857142857142857
TCGA-05-4405,luad_tcga_pan_can_atlas_2018,kras_g12c,0.2777777777777778
TCGA-05-4415,luad_tcga_pan_can_atlas_2018,kras_g12c,0.5769230769230769
TCGA-05-4417,luad_tcga_pan_can_atlas_2018,kras_g12c,0.5
TCGA-05-4418,luad_tcga_pan_can_atlas_2018,kras_g12c,0.4117647058823529
TCGA-17-Z022,luad_tcga_pan_can_atlas_2018,kras_g12c,0.7857142857142857
TCGA-17-Z036,luad_tcga_pan_can_atlas_2018,kras_g12c,0.42105263157894735
TCGA-17-Z042,luad_tcga_pan_can_atlas_2018,kras_g12c,0.36363636363636365
TCGA-35-3615,luad_tcga_pan_can_atlas_2018,kras_g12c,0.24324324324324326
TCGA-44-6144,luad_tcga_pan_can_atlas_2018,kras_g12c,0.3548387096774194
TCGA-44-7659,luad_tcga_pan_can_atlas_2018,kras_g12c,0.2413793103448276
TCGA-44-7671,luad_tcga_pan_can_atlas_2018,kras_g12c,0.6666666666666666
TCGA-44-A47F,luad_tcga_pan_can_atlas_2018,kras_g12c,0.42857142857142855
TCGA-49-4505,luad_tcga_pan_can_atlas_2018,kras_g12c,0.3114754098360656
TCGA-4B-A93V,luad_tcga_pan_can_atlas_2018,kras_g12c,0.5714285714285714
TCGA-50-5051,luad_tcga_pan_can_atlas_2018,kras_g12c,0.631578947368421
TCGA-50-5932,luad_tcga_pan_can_atlas_2018,kras_g12c,0.46875
TCGA-50-5933,luad_tcga_pan_can_atlas_2018,kras_g12c,0.22580645161290322
TCGA-50-5936,luad_tcga_pan_can_atlas_2018,kras_g12c,0.2631578947368421
TCGA-50-7109,luad_tcga_pan_can_atlas_2018,kras_g12c,0.3181818181818182
TCGA-50-8459,luad_tcga_pan_can_atlas_2018,kras_g12c,0.6785714285714286
TCGA-55-1595,luad_tcga_pan_can_atlas_2018,kras_g12c,0.6086956521739131
TCGA-55-6983,luad_tcga_pan_can_atlas_2018,kras_g12c,0.3333333333333333
TCGA-55-7281,luad_tcga_pan_can_atlas_2018,kras_g12c,0.4
TCGA-55-7726,luad_tcga_pan_can_atlas_2018,kras_g12c,0.5476190476190477
TCGA-55-7907,luad_tcga_pan_can_atlas_2018,kras_g12c,0.3125
TCGA-55-7914,luad_tcga_pan_can_atlas_2018,kras_g12c,0.45454545454545453
TCGA-55-8097,luad_tcga_pan_can_atlas_2018,kras_g12c,0.34
TCGA-55-8203,luad_tcga_pan_can_atlas_2018,kras_g12c,0.16666666666666666
TCGA-55-8207,luad_tcga_pan_can_atlas_2018,kras_g12c,0.6037735849056604
TCGA-55-8299,luad_tcga_pan_can_atlas_2018,kras_g12c,0.1016949152542373
TCGA-55-8302,luad_tcga_pan_can_atlas_2018,kras_g12c,0.3114754098360656
TCGA-55-8508,luad_tcga_pan_can_atlas_2018,kras_g12c,0.2962962962962963
TCGA-55-8615,luad_tcga_pan_can_atlas_2018,kras_g12c,0.42857142857142855
TCGA-55-8616,luad_tcga_pan_can_atlas_2018,kras_g12c,0.23529411764705882
TCGA-55-A490,luad_tcga_pan_can_atlas_2018,kras_g12c,0.75
TCGA-64-1677,luad_tcga_pan_can_atlas_2018,kras_g12c,0.1509433962264151
TCGA-64-5774,luad_tcga_pan_can_atlas_2018,kras_g12c,0.5769230769230769
TCGA-64-5778,luad_tcga_pan_can_atlas_2018,kras_g12c,0.38095238095238093
TCGA-67-3774,luad_tcga_pan_can_atlas_2018,kras_g12c,0.3333333333333333
TCGA-69-7973,luad_tcga_pan_can_atlas_2018,kras_g12c,0.27906976744186046
TCGA-69-7978,luad_tcga_pan_can_atlas_2018,kras_g12c,0.3103448275862069
TCGA-73-4662,luad_tcga_pan_can_atlas_2018,kras_g12c,0.4444444444444444
TCGA-73-7498,luad_tcga_pan_can_atlas_2018,kras_g12c,0.1951219512195122
TCGA-75-5126,luad_tcga_pan_can_atlas_2018,kras_g12c,0.15789473684210525
TCGA-78-7145,luad_tcga_pan_can_atlas_2018,kras_g12c,0.5833333333333334
TCGA-78-7148,luad_tcga_pan_can_atlas_2018,kras_g12c,0.5
TCGA-78-7166,luad_tcga_pan_can_atlas_2018,kras_g12c,0.5555555555555556
TCGA-78-7167,luad_tcga_pan_can_atlas_2018,kras_g12c,0.3333333333333333
TCGA-78-7539,luad_tcga_pan_can_atlas_2018,kras_g12c,0.3076923076923077
TCGA-86-7713,luad_tcga_pan_can_atlas_2018,kras_g12c,0.35135135135135137
TCGA-91-6849,luad_tcga_pan_can_atlas_2018,kras_g12c,0.27586206896551724
TCGA-93-7347,luad_tcga_pan_can_atlas_2018,kras_g12c,0.07692307692307693
TCGA-95-7562,luad_tcga_pan_can_atlas_2018,kras_g12c,0.5714285714285714
TCGA-97-7938,luad_tcga_pan_can_atlas_2018,kras_g12c,0.5625
TCGA-97-A4M0,luad_tcga_pan_can_atlas_2018,kras_g12c,0.3333333333333333
TCGA-97-A4M5,luad_tcga_pan_can_atlas_2018,kras_g12c,0.20689655172413793
TCGA-99-8028,luad_tcga_pan_can_atlas_2018,kras_g12c,0.22580645161290322
TCGA-99-8032,luad_tcga_pan_can_atlas_2018,kras_g12c,0.18181818181818182
TCGA-J2-8194,luad_tcga_pan_can_atlas_2018,kras_g12c,0.38
TCGA-MN-A4N5,luad_tcga_pan_can_atlas_2018,kras_g12c,0.4166666666666667
TCGA-MP-A4TD,luad_tcga_pan_can_atlas_2018,kras_g12c,0.15384615384615385
TCGA-MP-A4TE,luad_tcga_pan_can_atlas_2018,kras_g12c,0.5535714285714286
TCGA-MP-A4TF,luad_tcga_pan_can_atlas_2018,kras_g12c,0.9534883720930233
TCGA-MP-A4TI,luad_tcga_pan_can_atlas_2018,kras_g12c,0.12121212121212122
TCGA-NJ-A4YI,luad_tcga_pan_can_atlas_2018,kras_g12c,0.6551724137931034
TCGA-NJ-A55O,luad_tcga_pan_can_atlas_2018,kras_g12c,0.24242424242424243
TCGA-66-2742,lusc_tcga_pan_can_atlas_2018,egfr_activating,0.2802197802197802
TCGA-70-6722,lusc_tcga_pan_can_atlas_2018,egfr_activating,0.6271186440677966
TCGA-85-A50M,lusc_tcga_pan_can_atlas_2018,egfr_activating,0.4375
TCGA-A6-2686,coadread_tcga_pan_can_atlas_2018,braf_v600e,0.3125
TCGA-A6-3809,coadread_tcga_pan_can_atlas_2018,braf_v600e,0.2112676056338028
TCGA-A6-5661,coadread_tcga_pan_can_atlas_2018,braf_v600e,0.31092436974789917
TCGA-A6-5665,coadread_tcga_pan_can_atlas_2018,braf_v600e,0.35
TCGA-A6-6649,coadread_tcga_pan_can_atlas_2018,braf_v600e,0.41025641025641024
TCGA-A6-6653,coadread_tcga_pan_can_atlas_2018,braf_v600e,0.3333333333333333
TCGA-AA-3492,coadread_tcga_pan_can_atlas_2018,braf_v600e,0.525
TCGA-AA-3664,coadread_tcga_pan_can_atlas_2018,braf_v600e,0.36645962732919257
TCGA-AA-3684,coadread_tcga_pan_can_atlas_2018,braf_v600e,0.33678756476683935
TCGA-AA-3713,coadread_tcga_pan_can_atlas_2018,braf_v600e,0.19230769230769232
TCGA-AA-3715,coadread_tcga_pan_can_atlas_2018,braf_v600e,0.3076923076923077
TCGA-AA-3821,coadread_tcga_pan_can_atlas_2018,braf_v600e,0.34146341463414637
TCGA-AA-3833,coadread_tcga_pan_can_atlas_2018,braf_v600e,0.18831168831168832
TCGA-AA-3877,coadread_tcga_pan_can_atlas_2018,braf_v600e,0.24725274725274726
TCGA-AA-3947,coadread_tcga_pan_can_atlas_2018,braf_v600e,0.4246575342465753
TCGA-AA-3949,coadread_tcga_pan_can_atlas_2018,braf_v600e,0.20588235294117646
TCGA-AA-3966,coadread_tcga_pan_can_atlas_2018,braf_v600e,0.5373134328358209
TCGA-AA-A01P,coadread_tcga_pan_can_atlas_2018,braf_v600e,0.26865671641791045
TCGA-AA-A022,coadread_tcga_pan_can_atlas_2018,braf_v600e,0.3655913978494624
TCGA-AA-A02R,coadread_tcga_pan_can_atlas_2018,braf_v600e,0.5668789808917197
TCGA-AD-5900,coadread_tcga_pan_can_atlas_2018,braf_v600e,0.25
TCGA-AD-6889,coadread_tcga_pan_can_atlas_2018,braf_v600e,0.38181818181818183
TCGA-AD-A5EJ,coadread_tcga_pan_can_atlas_2018,braf_v600e,0.1896551724137931
TCGA-AM-5821,coadread_tcga_pan_can_atlas_2018,braf_v600e,0.2835820895522388
TCGA-AU-6004,coadread_tcga_pan_can_atlas_2018,braf_v600e,0.2807017543859649
TCGA-AY-6196,coadread_tcga_pan_can_atlas_2018,braf_v600e,0.34951456310679613
TCGA-AZ-4614,coadread_tcga_pan_can_atlas_2018,braf_v600e,0.48
TCGA-AZ-4615,coadread_tcga_pan_can_atlas_2018,braf_v600e,0.5
TCGA-AZ-6598,coadread_tcga_pan_can_atlas_2018,braf_v600e,0.24752475247524752
TCGA-CK-4951,coadread_tcga_pan_can_atlas_2018,braf_v600e,0.19047619047619047
TCGA-CK-4952,coadread_tcga_pan_can_atlas_2018,braf_v600e,0.38235294117647056
TCGA-CK-6746,coadread_tcga_pan_can_atlas_2018,braf_v600e,0.45454545454545453
TCGA-CM-5861,coadread_tcga_pan_can_atlas_2018,braf_v600e,0.3893805309734513
TCGA-CM-6171,coadread_tcga_pan_can_atlas_2018,braf_v600e,0.4318181818181818
TCGA-D5-6534,coadread_tcga_pan_can_atlas_2018,braf_v600e,0.14285714285714285
TCGA-D5-6540,coadread_tcga_pan_can_atlas_2018,braf_v600e,0.4318181818181818
TCGA-D5-6928,coadread_tcga_pan_can_atlas_2018,braf_v600e,0.21052631578947367
TCGA-D5-6930,coadread_tcga_pan_can_atlas_2018,braf_v600e,0.18333333333333332
TCGA-DM-A1HB,coadread_tcga_pan_can_atlas_2018,braf_v600e,0.3853211009174312
TCGA-DT-5265,coadread_tcga_pan_can_atlas_2018,braf_v600e,0.296875
TCGA-F4-6570,coadread_tcga_pan_can_atlas_2018,braf_v600e,0.25
TCGA-G4-6299,coadread_tcga_pan_can_atlas_2018,braf_v600e,0.375
TCGA-G4-6302,coadread_tcga_pan_can_atlas_2018,braf_v600e,0.11023622047244094
TCGA-G4-6321,coadread_tcga_pan_can_atlas_2018,braf_v600e,0.3275862068965517
TCGA-G4-6586,coadread_tcga_pan_can_atlas_2018,braf_v600e,0.3142857142857143
TCGA-G4-6588,coadread_tcga_pan_can_atlas_2018,braf_v600e,0.3698630136986301
TCGA-G4-6628,coadread_tcga_pan_can_atlas_2018,braf_v600e,0.18181818181818182
TCGA-QG-A5Z2,coadread_tcga_pan_can_atlas_2018,braf_v600e,0.3442622950819672
